column,role,univariate_auc,non_null
last_fico_range_low,LEAKAGE-BLOCKED,0.923,1.0
last_fico_range_high,LEAKAGE-BLOCKED,0.923,1.0
recoveries,LEAKAGE-BLOCKED,0.881,1.0
collection_recovery_fee,LEAKAGE-BLOCKED,0.863,1.0
total_rec_prncp,LEAKAGE-BLOCKED,0.829,1.0
last_pymnt_amnt,LEAKAGE-BLOCKED,0.766,1.0
total_pymnt_inv,LEAKAGE-BLOCKED,0.757,1.0
total_pymnt,LEAKAGE-BLOCKED,0.757,1.0
int_rate,BENCHMARK,0.654,1.0
fico_range_high,CANDIDATE,0.596,1.0
fico_range_low,CANDIDATE,0.596,1.0
bc_open_to_buy,not used,0.582,0.99
acc_open_past_24mths,CANDIDATE,0.579,1.0
tot_hi_cred_lim,not used,0.577,1.0
total_bc_limit,not used,0.577,1.0
num_tl_op_past_12m,CANDIDATE,0.575,1.0
annual_inc,CANDIDATE,0.575,1.0
avg_cur_bal,CANDIDATE,0.571,1.0
total_rev_hi_lim,CANDIDATE,0.565,1.0
tot_cur_bal,CANDIDATE,0.565,1.0
dti,CANDIDATE,0.565,1.0
mo_sin_old_rev_tl_op,not used,0.56,1.0
mort_acc,CANDIDATE,0.556,1.0
mo_sin_rcnt_tl,CANDIDATE,0.554,1.0
inq_last_6mths,CANDIDATE,0.552,1.0
bc_util,CANDIDATE,0.552,0.99
total_rec_late_fee,LEAKAGE-BLOCKED,0.551,1.0
percent_bc_gt_75,CANDIDATE,0.55,0.99
mths_since_recent_inq,CANDIDATE,0.549,0.893
mo_sin_rcnt_rev_tl_op,not used,0.546,1.0
total_rec_int,LEAKAGE-BLOCKED,0.546,1.0
mths_since_recent_bc,not used,0.545,0.991
num_actv_rev_tl,CANDIDATE,0.54,1.0
num_rev_tl_bal_gt_0,not used,0.54,1.0
mo_sin_old_il_acct,not used,0.537,0.963
revol_bal,CANDIDATE,0.536,1.0
revol_util,CANDIDATE,0.534,1.0
total_acc,CANDIDATE,0.526,1.0
num_bc_tl,not used,0.524,1.0
total_bal_ex_mort,not used,0.522,1.0
pub_rec,CANDIDATE,0.518,1.0
loan_amnt,CANDIDATE,0.517,1.0
funded_amnt,LOSS-CALIB,0.517,1.0
funded_amnt_inv,LEAKAGE-BLOCKED,0.517,1.0
total_il_high_credit_limit,not used,0.517,1.0
num_op_rev_tl,not used,0.516,1.0
num_rev_accts,not used,0.514,1.0
num_il_tl,not used,0.514,1.0
num_accts_ever_120_pd,not used,0.513,1.0
num_actv_bc_tl,not used,0.513,1.0
pub_rec_bankruptcies,CANDIDATE,0.51,1.0
tot_coll_amt,not used,0.509,1.0
num_bc_sats,not used,0.506,1.0
pct_tl_nvr_dlq,not used,0.505,1.0
delinq_2yrs,CANDIDATE,0.505,1.0
mths_since_last_delinq,CANDIDATE,0.505,0.501
num_sats,not used,0.504,1.0
tax_liens,CANDIDATE,0.504,1.0
open_acc,CANDIDATE,0.503,1.0
installment,BENCHMARK,0.503,1.0
num_tl_90g_dpd_24m,not used,0.503,1.0
collections_12_mths_ex_med,CANDIDATE,0.502,1.0
delinq_amnt,not used,0.501,1.0
acc_now_delinq,not used,0.5,1.0
chargeoff_within_12_mths,not used,0.5,1.0
num_tl_120dpd_2m,not used,0.5,0.96
num_tl_30dpd,not used,0.5,1.0
