column,2007,2008,2009,2010,2011,2012,2013,2014,2015,2016,2017,2018
id,1.0,1.0,1.0,1.0,1.0,1.0,1.0,1.0,1.0,1.0,1.0,1.0
member_id,0.0,0.0,0.0,0.0,0.0,0.0,0.0,0.0,0.0,0.0,0.0,0.0
loan_amnt,1.0,1.0,1.0,1.0,1.0,1.0,1.0,1.0,1.0,1.0,1.0,1.0
funded_amnt,1.0,1.0,1.0,1.0,1.0,1.0,1.0,1.0,1.0,1.0,1.0,1.0
funded_amnt_inv,1.0,1.0,1.0,1.0,1.0,1.0,1.0,1.0,1.0,1.0,1.0,1.0
term,1.0,1.0,1.0,1.0,1.0,1.0,1.0,1.0,1.0,1.0,1.0,1.0
int_rate,1.0,1.0,1.0,1.0,1.0,1.0,1.0,1.0,1.0,1.0,1.0,1.0
installment,1.0,1.0,1.0,1.0,1.0,1.0,1.0,1.0,1.0,1.0,1.0,1.0
grade,1.0,1.0,1.0,1.0,1.0,1.0,1.0,1.0,1.0,1.0,1.0,1.0
sub_grade,1.0,1.0,1.0,1.0,1.0,1.0,1.0,1.0,1.0,1.0,1.0,1.0
emp_title,0.91045,0.95947,0.94414,0.94066,0.93389,0.94056,0.93647,0.94383,0.9433,0.93441,0.92708,0.88963
emp_length,1.0,1.0,1.0,0.97184,0.96506,0.96393,0.95578,0.94899,0.94344,0.93505,0.92815,0.91522
home_ownership,1.0,1.0,1.0,1.0,1.0,1.0,1.0,1.0,1.0,1.0,1.0,1.0
annual_inc,0.99337,1.0,1.0,1.0,1.0,1.0,1.0,1.0,1.0,1.0,1.0,1.0
verification_status,1.0,1.0,1.0,1.0,1.0,1.0,1.0,1.0,1.0,1.0,1.0,1.0
issue_d,1.0,1.0,1.0,1.0,1.0,1.0,1.0,1.0,1.0,1.0,1.0,1.0
loan_status,1.0,1.0,1.0,1.0,1.0,1.0,1.0,1.0,1.0,1.0,1.0,1.0
pymnt_plan,1.0,1.0,1.0,1.0,1.0,1.0,1.0,1.0,1.0,1.0,1.0,1.0
url,1.0,1.0,1.0,1.0,1.0,1.0,1.0,1.0,1.0,1.0,1.0,1.0
desc,0.97512,1.0,0.97008,0.67097,0.58588,0.6136,0.36148,0.06484,0.00011,5e-05,0.0,0.0
purpose,1.0,1.0,1.0,1.0,1.0,1.0,1.0,1.0,1.0,1.0,1.0,1.0
title,1.0,0.99958,0.99981,0.99912,1.0,0.99996,0.99996,1.0,0.99969,0.94666,1.0,1.0
zip_code,1.0,1.0,1.0,1.0,1.0,1.0,1.0,1.0,1.0,1.0,1.0,1.0
addr_state,1.0,1.0,1.0,1.0,1.0,1.0,1.0,1.0,1.0,1.0,1.0,1.0
dti,1.0,1.0,1.0,1.0,1.0,1.0,1.0,1.0,1.0,0.99985,0.99884,0.99771
delinq_2yrs,0.95191,1.0,1.0,1.0,1.0,1.0,1.0,1.0,1.0,1.0,1.0,1.0
earliest_cr_line,0.95191,1.0,1.0,1.0,1.0,1.0,1.0,1.0,1.0,1.0,1.0,1.0
fico_range_low,1.0,1.0,1.0,1.0,1.0,1.0,1.0,1.0,1.0,1.0,1.0,1.0
fico_range_high,1.0,1.0,1.0,1.0,1.0,1.0,1.0,1.0,1.0,1.0,1.0,1.0
inq_last_6mths,0.95191,1.0,1.0,1.0,1.0,1.0,1.0,1.0,1.0,1.0,1.0,1.0
mths_since_last_delinq,0.93532,0.61931,0.33043,0.35718,0.33792,0.4116,0.43498,0.50821,0.51564,0.52849,0.49799,0.44138
mths_since_last_record,0.93035,0.39365,0.04791,0.05998,0.05262,0.02762,0.11868,0.17623,0.17672,0.19086,0.17177,0.12718
open_acc,0.95191,1.0,1.0,1.0,1.0,1.0,1.0,1.0,1.0,1.0,1.0,1.0
pub_rec,0.95191,1.0,1.0,1.0,1.0,1.0,1.0,1.0,1.0,1.0,1.0,1.0
revol_bal,1.0,1.0,1.0,1.0,1.0,1.0,1.0,1.0,1.0,1.0,1.0,1.0
revol_util,0.94693,0.99499,0.99697,0.99832,0.99959,0.99912,0.99942,0.99947,0.99962,0.99939,0.999,0.9988
total_acc,0.95191,1.0,1.0,1.0,1.0,1.0,1.0,1.0,1.0,1.0,1.0,1.0
initial_list_status,1.0,1.0,1.0,1.0,1.0,1.0,1.0,1.0,1.0,1.0,1.0,1.0
out_prncp,1.0,1.0,1.0,1.0,1.0,1.0,1.0,1.0,1.0,1.0,1.0,1.0
out_prncp_inv,1.0,1.0,1.0,1.0,1.0,1.0,1.0,1.0,1.0,1.0,1.0,1.0
total_pymnt,1.0,1.0,1.0,1.0,1.0,1.0,1.0,1.0,1.0,1.0,1.0,1.0
total_pymnt_inv,1.0,1.0,1.0,1.0,1.0,1.0,1.0,1.0,1.0,1.0,1.0,1.0
total_rec_prncp,1.0,1.0,1.0,1.0,1.0,1.0,1.0,1.0,1.0,1.0,1.0,1.0
total_rec_int,1.0,1.0,1.0,1.0,1.0,1.0,1.0,1.0,1.0,1.0,1.0,1.0
total_rec_late_fee,1.0,1.0,1.0,1.0,1.0,1.0,1.0,1.0,1.0,1.0,1.0,1.0
recoveries,1.0,1.0,1.0,1.0,1.0,1.0,1.0,1.0,1.0,1.0,1.0,1.0
collection_recovery_fee,1.0,1.0,1.0,1.0,1.0,1.0,1.0,1.0,1.0,1.0,1.0,1.0
last_pymnt_d,1.0,0.99875,0.99697,0.99793,0.99825,0.99888,0.99933,0.99939,0.9993,0.99881,0.99865,0.99871
last_pymnt_amnt,1.0,1.0,1.0,1.0,1.0,1.0,1.0,1.0,1.0,1.0,1.0,1.0
next_pymnt_d,0.58375,0.34726,0.10699,0.07984,0.0,0.0,7e-05,0.05316,0.10817,0.3253,0.61833,0.8863
last_credit_pull_d,0.99502,1.0,1.0,0.99992,1.0,1.0,0.99993,0.99989,0.99998,0.99997,0.99998,0.99999
last_fico_range_high,1.0,1.0,1.0,1.0,1.0,1.0,1.0,1.0,1.0,1.0,1.0,1.0
last_fico_range_low,1.0,1.0,1.0,1.0,1.0,1.0,1.0,1.0,1.0,1.0,1.0,1.0
collections_12_mths_ex_med,0.75954,1.0,1.0,1.0,1.0,1.0,1.0,1.0,1.0,1.0,1.0,1.0
mths_since_last_major_derog,0.0,0.0,0.0,0.0,0.0,0.10087,0.20126,0.28213,0.29145,0.28915,0.2674,0.23187
policy_code,1.0,1.0,1.0,1.0,1.0,1.0,1.0,1.0,1.0,1.0,1.0,1.0
application_type,1.0,1.0,1.0,1.0,1.0,1.0,1.0,1.0,1.0,1.0,1.0,1.0
annual_inc_joint,0.0,0.0,0.0,0.0,0.0,0.0,0.0,0.0,0.00121,0.02023,0.09564,0.1393
dti_joint,0.0,0.0,0.0,0.0,0.0,0.0,0.0,0.0,0.00121,0.02023,0.09564,0.1393
verification_status_joint,0.0,0.0,0.0,0.0,0.0,0.0,0.0,0.0,0.00121,0.02023,0.09563,0.12925
acc_now_delinq,0.95191,1.0,1.0,1.0,1.0,1.0,1.0,1.0,1.0,1.0,1.0,1.0
tot_coll_amt,0.0,0.0,0.0,0.0,0.0,0.48018,1.0,1.0,1.0,1.0,1.0,1.0
tot_cur_bal,0.0,0.0,0.0,0.0,0.0,0.48018,1.0,1.0,1.0,1.0,1.0,1.0
open_acc_6m,0.0,0.0,0.0,0.0,0.0,0.0,0.0,0.0,0.05075,0.99986,1.0,1.0
open_act_il,0.0,0.0,0.0,0.0,0.0,0.0,0.0,0.0,0.05075,0.99986,1.0,1.0
open_il_12m,0.0,0.0,0.0,0.0,0.0,0.0,0.0,0.0,0.05075,0.99986,1.0,1.0
open_il_24m,0.0,0.0,0.0,0.0,0.0,0.0,0.0,0.0,0.05075,0.99986,1.0,1.0
mths_since_rcnt_il,0.0,0.0,0.0,0.0,0.0,0.0,0.0,0.0,0.04942,0.97293,0.97041,0.96283
total_bal_il,0.0,0.0,0.0,0.0,0.0,0.0,0.0,0.0,0.05075,0.99986,1.0,1.0
il_util,0.0,0.0,0.0,0.0,0.0,0.0,0.0,0.0,0.04421,0.86785,0.86069,0.8368
open_rv_12m,0.0,0.0,0.0,0.0,0.0,0.0,0.0,0.0,0.05075,0.99986,1.0,1.0
open_rv_24m,0.0,0.0,0.0,0.0,0.0,0.0,0.0,0.0,0.05075,0.99986,1.0,1.0
max_bal_bc,0.0,0.0,0.0,0.0,0.0,0.0,0.0,0.0,0.05075,0.99986,1.0,1.0
all_util,0.0,0.0,0.0,0.0,0.0,0.0,0.0,0.0,0.05075,0.99981,0.99985,0.99974
total_rev_hi_lim,0.0,0.0,0.0,0.0,0.0,0.48018,1.0,1.0,1.0,1.0,1.0,1.0
inq_fi,0.0,0.0,0.0,0.0,0.0,0.0,0.0,0.0,0.05075,0.99986,1.0,1.0
total_cu_tl,0.0,0.0,0.0,0.0,0.0,0.0,0.0,0.0,0.05075,0.99986,1.0,1.0
inq_last_12m,0.0,0.0,0.0,0.0,0.0,0.0,0.0,0.0,0.05075,0.99986,1.0,1.0
acc_open_past_24mths,0.0,0.0,0.0,0.0,0.0,0.85956,1.0,1.0,1.0,1.0,1.0,1.0
avg_cur_bal,0.0,0.0,0.0,0.0,0.0,0.48018,0.99996,0.99997,1.0,1.0,0.99996,0.99992
bc_open_to_buy,0.0,0.0,0.0,0.0,0.0,0.84974,0.99254,0.98962,0.99059,0.98933,0.98705,0.9867
bc_util,0.0,0.0,0.0,0.0,0.0,0.84923,0.99209,0.98892,0.98996,0.98887,0.98659,0.98626
chargeoff_within_12_mths,0.75954,1.0,1.0,1.0,1.0,1.0,1.0,1.0,1.0,1.0,1.0,1.0
delinq_amnt,0.95191,1.0,1.0,1.0,1.0,1.0,1.0,1.0,1.0,1.0,1.0,1.0
mo_sin_old_il_acct,0.0,0.0,0.0,0.0,0.0,0.45815,0.96325,0.96957,0.9709,0.97306,0.97041,0.96283
mo_sin_old_rev_tl_op,0.0,0.0,0.0,0.0,0.0,0.48017,1.0,1.0,1.0,1.0,1.0,1.0
mo_sin_rcnt_rev_tl_op,0.0,0.0,0.0,0.0,0.0,0.48017,1.0,1.0,1.0,1.0,1.0,1.0
mo_sin_rcnt_tl,0.0,0.0,0.0,0.0,0.0,0.48018,1.0,1.0,1.0,1.0,1.0,1.0
mort_acc,0.0,0.0,0.0,0.0,0.0,0.85956,1.0,1.0,1.0,1.0,1.0,1.0
mths_since_recent_bc,0.0,0.0,0.0,0.0,0.0,0.85107,0.99347,0.99047,0.99098,0.98993,0.98775,0.98748
mths_since_recent_bc_dlq,0.0,0.0,0.0,0.0,0.0,0.12571,0.22284,0.26432,0.2579,0.25583,0.23181,0.19811
mths_since_recent_inq,0.0,0.0,0.0,0.0,0.0,0.75104,0.89184,0.90794,0.89409,0.8953,0.88288,0.87621
mths_since_recent_revol_delinq,0.0,0.0,0.0,0.0,0.0,0.26076,0.30064,0.35974,0.36034,0.36275,0.33622,0.28812
num_accts_ever_120_pd,0.0,0.0,0.0,0.0,0.0,0.48018,1.0,1.0,1.0,1.0,1.0,1.0
num_actv_bc_tl,0.0,0.0,0.0,0.0,0.0,0.48018,1.0,1.0,1.0,1.0,1.0,1.0
num_actv_rev_tl,0.0,0.0,0.0,0.0,0.0,0.48018,1.0,1.0,1.0,1.0,1.0,1.0
num_bc_sats,0.0,0.0,0.0,0.0,0.0,0.69916,1.0,1.0,1.0,1.0,1.0,1.0
num_bc_tl,0.0,0.0,0.0,0.0,0.0,0.48018,1.0,1.0,1.0,1.0,1.0,1.0
num_il_tl,0.0,0.0,0.0,0.0,0.0,0.48018,1.0,1.0,1.0,1.0,1.0,1.0
num_op_rev_tl,0.0,0.0,0.0,0.0,0.0,0.48018,1.0,1.0,1.0,1.0,1.0,1.0
num_rev_accts,0.0,0.0,0.0,0.0,0.0,0.48018,1.0,1.0,1.0,1.0,1.0,1.0
num_rev_tl_bal_gt_0,0.0,0.0,0.0,0.0,0.0,0.48018,1.0,1.0,1.0,1.0,1.0,1.0
num_sats,0.0,0.0,0.0,0.0,0.0,0.69916,1.0,1.0,1.0,1.0,1.0,1.0
num_tl_120dpd_2m,0.0,0.0,0.0,0.0,0.0,0.48018,0.9981,0.96664,0.95433,0.95079,0.94983,0.97495
num_tl_30dpd,0.0,0.0,0.0,0.0,0.0,0.48018,1.0,1.0,1.0,1.0,1.0,1.0
num_tl_90g_dpd_24m,0.0,0.0,0.0,0.0,0.0,0.48018,1.0,1.0,1.0,1.0,1.0,1.0
num_tl_op_past_12m,0.0,0.0,0.0,0.0,0.0,0.48018,1.0,1.0,1.0,1.0,1.0,1.0
pct_tl_nvr_dlq,0.0,0.0,0.0,0.0,0.0,0.48018,0.99887,1.0,1.0,1.0,1.0,1.0
percent_bc_gt_75,0.0,0.0,0.0,0.0,0.0,0.84974,0.99252,0.98915,0.98993,0.98926,0.98702,0.98668
pub_rec_bankruptcies,0.03317,0.67447,0.99943,1.0,1.0,1.0,1.0,1.0,1.0,1.0,1.0,1.0
tax_liens,0.82587,1.0,1.0,1.0,1.0,1.0,1.0,1.0,1.0,1.0,1.0,1.0
tot_hi_cred_lim,0.0,0.0,0.0,0.0,0.0,0.48018,1.0,1.0,1.0,1.0,1.0,1.0
total_bal_ex_mort,0.0,0.0,0.0,0.0,0.0,0.85956,1.0,1.0,1.0,1.0,1.0,1.0
total_bc_limit,0.0,0.0,0.0,0.0,0.0,0.85956,1.0,1.0,1.0,1.0,1.0,1.0
total_il_high_credit_limit,0.0,0.0,0.0,0.0,0.0,0.48018,1.0,1.0,1.0,1.0,1.0,1.0
revol_bal_joint,0.0,0.0,0.0,0.0,0.0,0.0,0.0,0.0,0.0,0.0,0.088,0.1393
sec_app_fico_range_low,0.0,0.0,0.0,0.0,0.0,0.0,0.0,0.0,0.0,0.0,0.088,0.1393
sec_app_fico_range_high,0.0,0.0,0.0,0.0,0.0,0.0,0.0,0.0,0.0,0.0,0.088,0.1393
sec_app_earliest_cr_line,0.0,0.0,0.0,0.0,0.0,0.0,0.0,0.0,0.0,0.0,0.088,0.1393
sec_app_inq_last_6mths,0.0,0.0,0.0,0.0,0.0,0.0,0.0,0.0,0.0,0.0,0.088,0.1393
sec_app_mort_acc,0.0,0.0,0.0,0.0,0.0,0.0,0.0,0.0,0.0,0.0,0.088,0.1393
sec_app_open_acc,0.0,0.0,0.0,0.0,0.0,0.0,0.0,0.0,0.0,0.0,0.088,0.1393
sec_app_revol_util,0.0,0.0,0.0,0.0,0.0,0.0,0.0,0.0,0.0,0.0,0.08656,0.13688
sec_app_open_act_il,0.0,0.0,0.0,0.0,0.0,0.0,0.0,0.0,0.0,0.0,0.088,0.1393
sec_app_num_rev_accts,0.0,0.0,0.0,0.0,0.0,0.0,0.0,0.0,0.0,0.0,0.088,0.1393
sec_app_chargeoff_within_12_mths,0.0,0.0,0.0,0.0,0.0,0.0,0.0,0.0,0.0,0.0,0.088,0.1393
sec_app_collections_12_mths_ex_med,0.0,0.0,0.0,0.0,0.0,0.0,0.0,0.0,0.0,0.0,0.088,0.1393
sec_app_mths_since_last_major_derog,0.0,0.0,0.0,0.0,0.0,0.0,0.0,0.0,0.0,0.0,0.03058,0.04518
hardship_flag,1.0,1.0,1.0,1.0,1.0,1.0,1.0,1.0,1.0,1.0,1.0,1.0
hardship_type,0.0,0.0,0.0,0.0,0.0,9e-05,0.00056,0.00213,0.00613,0.01033,0.00653,0.00074
hardship_reason,0.0,0.0,0.0,0.0,0.0,9e-05,0.00056,0.00213,0.00613,0.01033,0.00653,0.00074
hardship_status,0.0,0.0,0.0,0.0,0.0,9e-05,0.00056,0.00213,0.00613,0.01033,0.00653,0.00074
deferral_term,0.0,0.0,0.0,0.0,0.0,9e-05,0.00056,0.00213,0.00613,0.01033,0.00653,0.00074
hardship_amount,0.0,0.0,0.0,0.0,0.0,9e-05,0.00056,0.00213,0.00613,0.01033,0.00653,0.00074
hardship_start_date,0.0,0.0,0.0,0.0,0.0,9e-05,0.00056,0.00213,0.00613,0.01033,0.00653,0.00074
hardship_end_date,0.0,0.0,0.0,0.0,0.0,9e-05,0.00056,0.00213,0.00613,0.01033,0.00653,0.00074
payment_plan_start_date,0.0,0.0,0.0,0.0,0.0,9e-05,0.00056,0.00213,0.00613,0.01033,0.00653,0.00074
hardship_length,0.0,0.0,0.0,0.0,0.0,9e-05,0.00056,0.00213,0.00613,0.01033,0.00653,0.00074
hardship_dpd,0.0,0.0,0.0,0.0,0.0,9e-05,0.00056,0.00213,0.00613,0.01033,0.00653,0.00074
hardship_loan_status,0.0,0.0,0.0,0.0,0.0,9e-05,0.00056,0.00213,0.00613,0.01033,0.00653,0.00074
orig_projected_additional_accrued_interest,0.0,0.0,0.0,0.0,0.0,6e-05,0.00049,0.00169,0.00498,0.00796,0.0052,0.00065
hardship_payoff_balance_amount,0.0,0.0,0.0,0.0,0.0,9e-05,0.00056,0.00213,0.00613,0.01033,0.00653,0.00074
hardship_last_payment_amount,0.0,0.0,0.0,0.0,0.0,9e-05,0.00056,0.00213,0.00613,0.01033,0.00653,0.00074
disbursement_method,1.0,1.0,1.0,1.0,1.0,1.0,1.0,1.0,1.0,1.0,1.0,1.0
debt_settlement_flag,1.0,1.0,1.0,1.0,1.0,1.0,1.0,1.0,1.0,1.0,1.0,1.0
debt_settlement_flag_date,0.00166,0.00209,0.00227,0.00375,0.00437,0.00723,0.01235,0.01799,0.02743,0.02625,0.00983,0.00097
settlement_status,0.00166,0.00209,0.00227,0.00375,0.00437,0.00723,0.01235,0.01799,0.02743,0.02625,0.00983,0.00097
settlement_date,0.00166,0.00209,0.00227,0.00375,0.00437,0.00723,0.01235,0.01799,0.02743,0.02625,0.00983,0.00097
settlement_amount,0.00166,0.00209,0.00227,0.00375,0.00437,0.00723,0.01235,0.01799,0.02743,0.02625,0.00983,0.00097
settlement_percentage,0.00166,0.00209,0.00227,0.00375,0.00437,0.00723,0.01235,0.01799,0.02743,0.02625,0.00983,0.00097
settlement_term,0.00166,0.00209,0.00227,0.00375,0.00437,0.00723,0.01235,0.01799,0.02743,0.02625,0.00983,0.00097
