feature,bin,n,bads,bad_rate,woe,iv_contrib
loan_amnt,<= 9600,75288,10635,0.14125757092763788,-0.07917094387163141,0.0026388789505061455
loan_amnt,"(9600, 10050]",16860,2378,0.14104389086595492,-0.07754473606844281,0.000566612599023612
loan_amnt,"(10050, 12075]",18326,2411,0.13156171559532903,0.0030287934490738455,9.122055007285007e-07
loan_amnt,"(12075, 15000]",21262,2717,0.12778666164989183,0.03649910884312136,0.0001518071082646934
loan_amnt,"(15000, 18875]",15552,1981,0.12737911522633744,0.0401021488740337,0.00013386738625256313
loan_amnt,> 18875,36806,4163,0.11310655871325327,0.1752739648786728,0.00575595866769884
home_ownership,Other,1,0,0.0,-0.7854383505699446,8.797740575750915e-06
home_ownership,MORTGAGE,88534,9593,0.10835385275713286,0.22357064677359742,0.022125068999376885
home_ownership,OWN,17671,2484,0.14056929432403373,-0.07364935019752533,0.0005349440534710812
home_ownership,RENT,77888,12208,0.1567378800328677,-0.201380991908448,0.018464164726456934
annual_inc,<= 32000,19567,3894,0.19900853477794245,-0.49160963638461364,0.030613545060814974
annual_inc,"(32000, 40000]",20392,3537,0.17345037269517458,-0.32275897310231194,0.012967569068736595
annual_inc,"(40000, 46800]",15318,2300,0.15015015015015015,-0.1507707910099998,0.0019986498581828914
annual_inc,"(46800, 60000]",37481,5176,0.13809663562871854,-0.05290738102029642,0.000581084046412588
annual_inc,"(60000, 80000]",38032,4464,0.11737484223811527,0.13341517809916228,0.0035001313171752874
annual_inc,> 80000,53304,4914,0.09218820351193156,0.40309777127378277,0.040492658594552734
verification_status,Not Verified,68767,8103,0.11783268137333314,0.1289945184744711,0.005926005924791375
verification_status,Source Verified,56900,7889,0.13864674868189808,-0.0575458949364013,0.0010453873386345697
verification_status,Verified,58427,8293,0.14193780272819073,-0.08483077950519952,0.0023560758935713983
purpose,credit_card,46403,5174,0.11150141154666725,0.19139558026037515,0.00860130107080357
purpose,home_improvement | major_purchase,13135,1589,0.12097449562238295,0.0989471362062063,0.000673501372409802
purpose,debt_consolidation,106724,14624,0.13702634833776844,-0.04383355553801847,0.0011319287852758087
purpose,Other,6942,1045,0.1505329876116393,-0.15398243075374393,0.0009459468553087089
purpose,other,9035,1437,0.15904814609850582,-0.21897035746473145,0.0025486209383405907
purpose,small_business,1855,416,0.2242587601078167,-0.6438510747215525,0.005241544772153314
application_type,Individual,184094,24285,0.13191630362749465,0.0,0.0
dti,<= 14.64,73739,7837,0.1062802587504577,0.24524074793004616,0.02199440383068129
dti,"(14.64, 19.06]",36723,4614,0.12564332979331755,0.05593269361674456,0.0006113171863246753
dti,"(19.06, 21.54]",18424,2627,0.14258575770733825,-0.09019684727038155,0.0008415790103624669
dti,"(21.54, 24.46]",18429,2813,0.1526398610885018,-0.1701169354573021,0.0030827151706288645
dti,"(24.46, 28.2]",18415,3045,0.16535433070866143,-0.2652307265355428,0.007748053861800054
dti,> 28.2,18364,3349,0.1823676758876062,-0.38374380321891105,0.016865668282669232
delinq_2yrs,<= 0,148896,19405,0.13032586503331184,0.013990612981126745,0.00015749796847143758
delinq_2yrs,"(0, 1]",23366,3108,0.1330137807070102,-0.009633934054662016,1.1822327217629596e-05
delinq_2yrs,> 1,11832,1772,0.149763353617309,-0.1478422120930736,0.0014828940993689697
inq_last_6mths,<= 0,97379,11267,0.11570256420788877,0.1496814660985936,0.011212385368765829
inq_last_6mths,"(0, 1]",51883,7233,0.1394098259545516,-0.063908146857467,0.0011783749148545203
inq_last_6mths,"(1, 2]",21772,3534,0.16231857431563476,-0.2430877414444805,0.0076341936293755205
inq_last_6mths,> 2,13060,2251,0.1723583460949464,-0.3152219228851616,0.007900924579191653
mths_since_last_delinq,<= 8,10177,1504,0.14778421931807015,-0.13222139786409406,0.0010144196788516833
mths_since_last_delinq,"(8, 18]",17117,2326,0.13588829818309284,-0.03434548183966755,0.00011107665412007286
mths_since_last_delinq,"(18, 31]",18318,2418,0.1320013101867016,-0.0008301390037244203,6.85937690943005e-08
mths_since_last_delinq,> 31,43023,5663,0.13162726913511377,0.002538739914641943,1.504838558179991e-06
mths_since_last_delinq,Missing,95459,12374,0.1296263317235672,0.02019911347496834,0.0002099921350516536
mths_since_last_record,<= 57,9226,1234,0.13375243876002602,-0.01621306708929201,1.3253534561519233e-05
mths_since_last_record,"(57, 65]",2885,425,0.14731369150779897,-0.1291957269454504,0.00027432759570487425
mths_since_last_record,> 65,18134,2678,0.14767839417668469,-0.1312779487335364,0.0017811746713079933
mths_since_last_record,Missing,153849,19948,0.129659601297376,0.01989986324697886,0.00032852235124165104
open_acc,<= 6,27752,3610,0.13008071490343037,0.016076866711782167,3.8733971012679303e-05
open_acc,"(6, 8]",31799,4144,0.1303185634768389,0.013991829908919942,3.364256770192571e-05
open_acc,"(8, 18]",109016,14388,0.13198062669699862,-0.0005212164646299014,1.6090321609353797e-07
open_acc,> 18,15527,2143,0.13801764667997682,-0.05239332526777037,0.00023603377217231938
pub_rec,<= 0,153849,19948,0.129659601297376,0.01986494551964297,0.0003273782101197938
pub_rec,> 0,30245,4337,0.14339560257893866,-0.09681260204571582,0.0015954907272927685
revol_bal,<= 5197,36823,5427,0.14738071314124324,-0.12879792420382205,0.0034782263125482044
revol_bal,"(5197, 10811]",55224,7801,0.14126104592206287,-0.07921385963282893,0.0019377653126810349
revol_bal,"(10811, 16667]",36820,4927,0.13381314502987507,-0.01644525593855797,5.441893075188156e-05
revol_bal,"(16667, 21529]",18410,2280,0.12384573601303639,0.07230144946029285,0.0005090107811308791
revol_bal,"(21529, 30456]",18409,2082,0.11309685479928296,0.1752659845689286,0.002878742212324617
revol_bal,> 30456,18408,1768,0.096045197740113,0.3576920301882673,0.011199958866475238
revol_util,<= 24.1,18504,1849,0.09992434068309555,0.31382689416703935,0.008809704267370098
revol_util,"(24.1, 34.5]",18386,2130,0.11584901555531382,0.1481378690869231,0.0020748074183944416
revol_util,"(34.5, 42.5]",18384,2218,0.12064838990426457,0.1021116423546885,0.001002700393198341
revol_util,"(42.5, 62.6]",55142,7339,0.1330927423742338,-0.010170127593321062,3.109653788688732e-05
revol_util,"(62.6, 86]",55262,7855,0.14214107343201476,-0.08643174512540923,0.0023146560252992315
revol_util,> 86,18327,2885,0.15741801713319148,-0.20657301233328762,0.004580181604608819
revol_util,Missing,89,9,0.10112359550561797,0.25296712006570193,2.8479970779586963e-05
total_acc,<= 11,18827,2920,0.15509640410049397,-0.18897986154030263,0.003912966383168684
total_acc,"(11, 15]",21894,3219,0.14702658262537682,-0.1260292867408031,0.0019781540130514403
total_acc,"(15, 18]",19370,2668,0.13773877129581827,-0.049973831141252804,0.0002676419923391933
total_acc,"(18, 21]",20255,2740,0.13527524068131325,-0.029069905469177513,9.397841869685201e-05
total_acc,"(21, 30]",52644,6593,0.12523744396322467,0.059660297028217575,0.0009956680112429978
total_acc,> 30,51104,6145,0.12024499060738886,0.10602625468737151,0.003000675430740541
mort_acc,<= 0,77969,12422,0.15931972963613744,-0.22074999700414308,0.022364791936836662
mort_acc,"(0, 1]",29490,3788,0.12845032214309934,0.03060237787856001,0.0001483365086135317
mort_acc,"(1, 2]",24299,2782,0.11449030824313758,0.16150103020704396,0.0032429137152335703
mort_acc,"(2, 3]",18459,1946,0.10542282897231703,0.25412961696117153,0.0058928418010965695
mort_acc,"(3, 5]",22344,2253,0.10083243823845328,0.30379655373611897,0.010006193121499809
mort_acc,> 5,11533,1094,0.09485823289690454,0.371283327439627,0.007522283555323796
pub_rec_bankruptcies,<= 0,160673,20928,0.13025212699084476,0.014625487766892764,0.00018568746387116026
pub_rec_bankruptcies,> 0,23421,3357,0.14333290636608173,-0.09633012198545673,0.0012230221877707083
acc_open_past_24mths,<= 1,28313,2699,0.09532723483911984,0.3660763035449514,0.017986621467941777
acc_open_past_24mths,"(1, 2]",26934,2849,0.10577708472562561,0.2504507362159091,0.008362587657672301
acc_open_past_24mths,"(2, 3]",29861,3634,0.1216971970128261,0.09232120551406478,0.0013361566245172131
acc_open_past_24mths,"(3, 5]",49441,6788,0.1372949576262616,-0.04613639334842634,0.0005814193440818635
acc_open_past_24mths,"(5, 8]",36498,5807,0.15910460847169708,-0.2191801655367262,0.010315126570022648
acc_open_past_24mths,> 8,13047,2508,0.19222809841342836,-0.448570584451244,0.01674607759090341
bc_util,<= 25.3,18307,1792,0.09788605451466652,0.3366897746476148,0.009946698696726436
bc_util,"(25.3, 50.7]",36378,4082,0.11221067678267084,0.18425105360940502,0.006265694424178077
bc_util,"(50.7, 60.1]",18364,2287,0.12453713787845785,0.06596299510702121,0.00042360741892392403
bc_util,"(60.1, 90.3]",72908,9955,0.13654194327097163,-0.039727069397234374,0.0006342162646356107
bc_util,"(90.3, 95.8]",18092,2781,0.15371434888348443,-0.17838443623557237,0.003337584497585548
bc_util,> 95.8,18117,3089,0.17050284263399018,-0.30205913288592745,0.010016821265754303
bc_util,Missing,1928,299,0.15508298755186722,-0.1900841850302085,0.00040575649427648656
num_actv_rev_tl,<= 2,19688,2080,0.10564811052417716,0.25175776739680483,0.006173856878510501
num_actv_rev_tl,"(2, 4]",54703,6590,0.12046871286766722,0.10391786167597976,0.0030879331216754824
num_actv_rev_tl,"(4, 5]",28111,3670,0.1305538757070186,0.011938891479871335,2.166988268180943e-05
num_actv_rev_tl,"(5, 7]",41234,5670,0.1375078818450793,-0.04794507111912111,0.0005240201548214669
num_actv_rev_tl,"(7, 10]",27941,4120,0.14745356286460756,-0.12940170415151317,0.0026646605839933104
num_actv_rev_tl,> 10,12417,2155,0.1735523878553596,-0.3235419635933912,0.00793695374595748
percent_bc_gt_75,<= 0,32298,3177,0.09836522385287015,0.3313837431570581,0.01703302113287904
percent_bc_gt_75,"(0, 25]",22769,2505,0.11001800693925952,0.20638400552425565,0.004880136853642438
percent_bc_gt_75,"(25, 40]",22287,2770,0.1242877013505631,0.06828542393472098,0.0005504601015337353
percent_bc_gt_75,"(40, 60]",32614,4412,0.1352793278959956,-0.02902906151479744,0.00015089042553468473
percent_bc_gt_75,"(60, 75]",25932,3835,0.14788678081135276,-0.13283359021656874,0.002609227290635461
percent_bc_gt_75,> 75,46325,7303,0.15764705882352942,-0.20821354821061774,0.011768457004904545
percent_bc_gt_75,Missing,1869,283,0.1514178705189941,-0.16192477789687715,0.00028254773250199473
tot_cur_bal,<= 29735,55229,8780,0.15897445182784406,-0.2181833758613936,0.015461583513434447
tot_cur_bal,"(29735, 111442]",55227,7988,0.14463939739620113,-0.10678832362986196,0.003557448089034335
tot_cur_bal,"(111442, 165283]",18410,2265,0.12303096143400326,0.07983016477910983,0.0006188089384431829
tot_cur_bal,"(165283, 224345]",18409,2099,0.11402031614970938,0.16609412789327882,0.0025941713401521757
tot_cur_bal,"(224345, 317491]",18410,1730,0.09397066811515481,0.38181426524036594,0.012648204612207841
tot_cur_bal,> 317491,18409,1423,0.07729914715628225,0.5952845600278686,0.028383957546508003
total_rev_hi_lim,<= 7600,18621,3187,0.1711508511895172,-0.30664737013194665,0.010627950993774747
total_rev_hi_lim,"(7600, 17400]",55442,8486,0.1530608563904621,-0.17327074756028926,0.00963175082459764
total_rev_hi_lim,"(17400, 25900]",36562,4898,0.13396422515179696,-0.017748579430473102,6.297239347897441e-05
total_rev_hi_lim,"(25900, 41000]",36826,4441,0.12059414544072122,0.10270291136775686,0.002031402251839303
total_rev_hi_lim,"(41000, 57200]",18269,1863,0.10197602496031528,0.2912054346669749,0.00755273916187902
total_rev_hi_lim,> 57200,18374,1410,0.0767388701425928,0.6031629507318074,0.028999416392775496
mo_sin_rcnt_tl,<= 2,37085,5992,0.16157476068491303,-0.23752561636774958,0.012390236881790183
mo_sin_rcnt_tl,"(2, 5]",49839,7163,0.14372278737534863,-0.09936599407051074,0.002772111387587631
mo_sin_rcnt_tl,"(5, 7]",24730,3181,0.1286291953093409,0.028984107566845618,0.0001116526562599334
mo_sin_rcnt_tl,"(7, 12]",38333,4573,0.11929668953643076,0.11499698076345559,0.00263900588069467
mo_sin_rcnt_tl,"(12, 17]",16058,1718,0.10698717150330053,0.23762016159246657,0.004509663908249101
mo_sin_rcnt_tl,> 17,18049,1658,0.0918610449332373,0.40683360521529033,0.013947330847109342
num_tl_op_past_12m,<= 0,34134,3377,0.09893361457784028,0.32498235293308453,0.017354081934573194
num_tl_op_past_12m,"(0, 1]",49414,5681,0.11496741814060793,0.15688339326741457,0.006233576392599399
num_tl_op_past_12m,"(1, 2]",43957,5953,0.13542780444525332,-0.030290431308180436,0.00022152902578165653
num_tl_op_past_12m,"(2, 3]",30136,4525,0.15015264135917175,-0.1507023220849932,0.003928267055917381
num_tl_op_past_12m,"(3, 4]",16006,2817,0.175996501312008,-0.3404446315936505,0.011395512008421243
num_tl_op_past_12m,> 4,10447,1932,0.1849334737245142,-0.4009421923495721,0.010537384911218521
avg_cur_bal,<= 2293,36829,6143,0.16679790382578946,-0.2755700596120684,0.0167885520350021
avg_cur_bal,"(2293, 4404]",36815,5609,0.1523563764769795,-0.16783344830480826,0.005988878762246324
avg_cur_bal,"(4404, 10035]",36811,5126,0.1392518540653609,-0.0625622678916582,0.0008008124842037129
avg_cur_bal,"(10035, 20982]",36816,4289,0.11649826162538027,0.14191744361229042,0.0038217204156740965
avg_cur_bal,"(20982, 31012]",18409,1723,0.09359552392851322,0.3862446365441515,0.012921225825411763
avg_cur_bal,> 31012,18409,1393,0.07566950947905915,0.6183666278831189,0.030364938421501758
avg_cur_bal,Missing,5,2,0.4,-1.5475260291311077,0.00012539403013264353
mths_since_recent_inq,<= 1,31862,5217,0.16373736739689912,-0.2533963449020957,0.012184267650682144
mths_since_recent_inq,"(1, 2]",14484,2156,0.1488539077602872,-0.1405711475835541,0.001636718631985827
mths_since_recent_inq,"(2, 4]",24920,3550,0.14245585874799357,-0.08907523804907307,0.001109695772895883
mths_since_recent_inq,"(4, 6]",20423,2753,0.13479900112618126,-0.024974512993633385,6.98339459748656e-05
mths_since_recent_inq,"(6, 16]",58791,7156,0.12171931077886071,0.09219012003634297,0.0026232601145690735
mths_since_recent_inq,> 16,15003,1625,0.10831167099913351,0.22383521427809122,0.0037579807691804335
mths_since_recent_inq,Missing,18611,1828,0.09822148191929504,0.3329020365741289,0.009899642396657296
tax_liens,All,184094,24285,0.13191630362749465,0.0,0.0
collections_12_mths_ex_med,All,184094,24285,0.13191630362749465,0.0,0.0
credit_history_months,<= 94,18925,3208,0.1695112285336856,-0.2950445201002396,0.009958441940325424
credit_history_months,"(94, 122]",18395,2743,0.14911660777385158,-0.14261955204645027,0.0021412625059462494
credit_history_months,"(122, 142]",18646,2681,0.14378418963852838,-0.09996191842215865,0.0010498555781739032
credit_history_months,"(142, 158]",17764,2387,0.13437288898896646,-0.021357114439247753,4.436161934659971e-05
credit_history_months,"(158, 223]",55767,7149,0.12819409328097262,0.03294596955296955,0.0003248345905554386
credit_history_months,> 223,54597,6117,0.11203912302873784,0.18599241573765257,0.009576046323684825
fico_mid,<= 672,51413,8967,0.17441114115107073,-0.32937819417412023,0.03412771202625664
fico_mid,"(672, 687]",43162,6532,0.15133682405819934,-0.15992421486830394,0.0063569929064399506
fico_mid,"(687, 707]",43278,5333,0.12322658163501087,0.07812751348543674,0.0013941328882369017
fico_mid,"(707, 717]",14336,1372,0.095703125,0.36156523531023116,0.008899587562849042
fico_mid,"(717, 737]",16183,1252,0.0773651362540938,0.5943157982153283,0.024879831151665276
fico_mid,> 737,15722,829,0.052728660475766444,1.0038413223443736,0.059268006140761824
emp_length_years,<= 1,25890,3621,0.13986095017381228,-0.06766854111711501,0.0006601615745274046
emp_length_years,"(1, 2]",16385,2184,0.13329264571254196,-0.012037642330499422,1.2954567136428477e-05
emp_length_years,"(2, 3]",14792,1956,0.13223363980530017,-0.00286275298684391,6.592124788090055e-07
emp_length_years,"(3, 6]",32162,4246,0.13201915303774642,-0.0008754681202565504,1.3394330609599405e-07
emp_length_years,"(6, 8]",19592,2566,0.1309718252347897,0.008229585110825307,7.185958642698719e-06
emp_length_years,> 8,65112,7748,0.11899496252610886,0.11792810309944894,0.004708807730805775
emp_length_years,Missing,10161,1964,0.1932880621986025,-0.4554067960320318,0.01347430900983137
loan_to_income,<= 0.0735294,18450,1933,0.10476964769647697,0.26107286968980314,0.00620011636645564
loan_to_income,"(0.0735294, 0.157895]",55361,6302,0.11383464894058995,0.16807174392946514,0.007982113056219873
loan_to_income,"(0.157895, 0.25]",57501,7291,0.12679779482095963,0.04549915883432534,0.0006358421860267002
loan_to_income,"(0.25, 0.29]",15974,2317,0.1450482033304119,-0.11021592033702322,0.0010974970550640408
loan_to_income,"(0.29, 0.346154]",18464,3150,0.17060225303292895,-0.30277680154605174,0.01025990651301564
loan_to_income,> 0.346154,18344,3292,0.17945922372437853,-0.3641187874457189,0.015064312976058479
revol_bal_to_income,<= 0.185971,92047,11471,0.12462111747259552,0.06532562202934775,0.0020828503157550677
revol_bal_to_income,"(0.185971, 0.223844]",18409,2365,0.12846977022108752,0.030360972464438484,9.115322437831547e-05
revol_bal_to_income,"(0.223844, 0.269663]",18410,2479,0.13465507876154265,-0.023774368666370272,5.702142071596e-05
revol_bal_to_income,"(0.269663, 0.331407]",18409,2562,0.13917105763485252,-0.06198730845522783,0.0003930853282414289
revol_bal_to_income,"(0.331407, 0.434983]",18409,2658,0.14438589820196643,-0.10484217829712114,0.0011422197850136054
revol_bal_to_income,> 0.434983,18410,2750,0.14937533948940793,-0.14465681796710317,0.002206299551491892
