decile,n,mean_pd,observed_bad_rate,abs_error
1,28303,0.03897954626263332,0.038547150478747835,0.0004323957838854864
2,28303,0.06272772118888705,0.06925060947602728,0.006522888287140233
3,28302,0.08076067758588941,0.09395095752950322,0.013190279943613811
4,28303,0.09741573018205923,0.10917570575557362,0.01175997557351438
5,28302,0.11412131751156913,0.1263868277860222,0.012265510274453065
6,28303,0.1318482020318762,0.1468042257004558,0.014956023668579593
7,28302,0.15180286336071083,0.17277930888276447,0.020976445522053633
8,28303,0.1758546987471708,0.19870685086386602,0.022852152116695224
9,28302,0.20908401488662154,0.23418839657974702,0.025104381693125483
10,28303,0.2786165774471139,0.29883757905522385,0.020221001608109967
