cutoff,n_total,n_approved,n_rejected,approval_rate,rejection_rate,expected_bad_rate,observed_bad_rate,approved_exposure,expected_loss,expected_loss_rate,realised_loss
300.0,283026,283026,0,1.0,0.0,0.13412106678419256,0.14886264866125373,2076999457.1107376,232795183.9883768,0.11208244816405123,274011577.24079406
305.0,283026,283026,0,1.0,0.0,0.13412106678419256,0.14886264866125373,2076999457.1107376,232795183.9883768,0.11208244816405123,274011577.24079406
310.0,283026,283026,0,1.0,0.0,0.13412106678419256,0.14886264866125373,2076999457.1107376,232795183.9883768,0.11208244816405123,274011577.24079406
315.0,283026,283026,0,1.0,0.0,0.13412106678419256,0.14886264866125373,2076999457.1107376,232795183.9883768,0.11208244816405123,274011577.24079406
320.0,283026,283026,0,1.0,0.0,0.13412106678419256,0.14886264866125373,2076999457.1107376,232795183.9883768,0.11208244816405123,274011577.24079406
325.0,283026,283026,0,1.0,0.0,0.13412106678419256,0.14886264866125373,2076999457.1107376,232795183.9883768,0.11208244816405123,274011577.24079406
330.0,283026,283026,0,1.0,0.0,0.13412106678419256,0.14886264866125373,2076999457.1107376,232795183.9883768,0.11208244816405123,274011577.24079406
335.0,283026,283026,0,1.0,0.0,0.13412106678419256,0.14886264866125373,2076999457.1107376,232795183.9883768,0.11208244816405123,274011577.24079406
340.0,283026,283026,0,1.0,0.0,0.13412106678419256,0.14886264866125373,2076999457.1107376,232795183.9883768,0.11208244816405123,274011577.24079406
345.0,283026,283026,0,1.0,0.0,0.13412106678419256,0.14886264866125373,2076999457.1107376,232795183.9883768,0.11208244816405123,274011577.24079406
350.0,283026,283026,0,1.0,0.0,0.13412106678419256,0.14886264866125373,2076999457.1107376,232795183.9883768,0.11208244816405123,274011577.24079406
355.0,283026,283026,0,1.0,0.0,0.13412106678419256,0.14886264866125373,2076999457.1107376,232795183.9883768,0.11208244816405123,274011577.24079406
360.0,283026,283026,0,1.0,0.0,0.13412106678419256,0.14886264866125373,2076999457.1107376,232795183.9883768,0.11208244816405123,274011577.24079406
365.0,283026,283026,0,1.0,0.0,0.13412106678419256,0.14886264866125373,2076999457.1107376,232795183.9883768,0.11208244816405123,274011577.24079406
370.0,283026,283026,0,1.0,0.0,0.13412106678419256,0.14886264866125373,2076999457.1107376,232795183.9883768,0.11208244816405123,274011577.24079406
375.0,283026,283026,0,1.0,0.0,0.13412106678419256,0.14886264866125373,2076999457.1107376,232795183.9883768,0.11208244816405123,274011577.24079406
380.0,283026,283026,0,1.0,0.0,0.13412106678419256,0.14886264866125373,2076999457.1107376,232795183.9883768,0.11208244816405123,274011577.24079406
385.0,283026,283026,0,1.0,0.0,0.13412106678419256,0.14886264866125373,2076999457.1107376,232795183.9883768,0.11208244816405123,274011577.24079406
390.0,283026,283026,0,1.0,0.0,0.13412106678419256,0.14886264866125373,2076999457.1107376,232795183.9883768,0.11208244816405123,274011577.24079406
395.0,283026,283026,0,1.0,0.0,0.13412106678419256,0.14886264866125373,2076999457.1107376,232795183.9883768,0.11208244816405123,274011577.24079406
400.0,283026,283026,0,1.0,0.0,0.13412106678419256,0.14886264866125373,2076999457.1107376,232795183.9883768,0.11208244816405123,274011577.24079406
405.0,283026,283026,0,1.0,0.0,0.13412106678419256,0.14886264866125373,2076999457.1107376,232795183.9883768,0.11208244816405123,274011577.24079406
410.0,283026,283026,0,1.0,0.0,0.13412106678419256,0.14886264866125373,2076999457.1107376,232795183.9883768,0.11208244816405123,274011577.24079406
415.0,283026,283026,0,1.0,0.0,0.13412106678419256,0.14886264866125373,2076999457.1107376,232795183.9883768,0.11208244816405123,274011577.24079406
420.0,283026,283026,0,1.0,0.0,0.13412106678419256,0.14886264866125373,2076999457.1107376,232795183.9883768,0.11208244816405123,274011577.24079406
425.0,283026,283026,0,1.0,0.0,0.13412106678419256,0.14886264866125373,2076999457.1107376,232795183.9883768,0.11208244816405123,274011577.24079406
430.0,283026,283026,0,1.0,0.0,0.13412106678419256,0.14886264866125373,2076999457.1107376,232795183.9883768,0.11208244816405123,274011577.24079406
435.0,283026,283026,0,1.0,0.0,0.13412106678419256,0.14886264866125373,2076999457.1107376,232795183.9883768,0.11208244816405123,274011577.24079406
440.0,283026,283026,0,1.0,0.0,0.13412106678419256,0.14886264866125373,2076999457.1107376,232795183.9883768,0.11208244816405123,274011577.24079406
445.0,283026,283026,0,1.0,0.0,0.13412106678419256,0.14886264866125373,2076999457.1107376,232795183.9883768,0.11208244816405123,274011577.24079406
450.0,283026,283026,0,1.0,0.0,0.13412106678419256,0.14886264866125373,2076999457.1107376,232795183.9883768,0.11208244816405123,274011577.24079406
455.0,283026,283026,0,1.0,0.0,0.13412106678419256,0.14886264866125373,2076999457.1107376,232795183.9883768,0.11208244816405123,274011577.24079406
460.0,283026,283026,0,1.0,0.0,0.13412106678419256,0.14886264866125373,2076999457.1107376,232795183.9883768,0.11208244816405123,274011577.24079406
465.0,283026,283026,0,1.0,0.0,0.13412106678419256,0.14886264866125373,2076999457.1107376,232795183.9883768,0.11208244816405123,274011577.24079406
470.0,283026,283026,0,1.0,0.0,0.13412106678419256,0.14886264866125373,2076999457.1107376,232795183.9883768,0.11208244816405123,274011577.24079406
475.0,283026,283026,0,1.0,0.0,0.13412106678419256,0.14886264866125373,2076999457.1107376,232795183.9883768,0.11208244816405123,274011577.24079406
480.0,283026,283026,0,1.0,0.0,0.13412106678419256,0.14886264866125373,2076999457.1107376,232795183.9883768,0.11208244816405123,274011577.24079406
485.0,283026,283024,2,0.9999929335114088,7.06648859115417e-06,0.13411843375829785,0.14886016733563232,2076987007.0367246,232789586.9584885,0.11208042523607967,274001619.08879405
490.0,283026,283015,11,0.9999611343127487,3.8865687251347934e-05,0.1341073206120652,0.1488472342455347,2076939499.044288,232769269.8264679,0.11207320672247681,273975656.4995941
495.0,283026,283005,21,0.9999258018697929,7.419813020711878e-05,0.1340954824030859,0.14883482623981908,2076874942.043709,232742494.80838534,0.11206379840057175,273936723.3967941
500.0,283026,282962,64,0.9997738723650831,0.00022612763491693344,0.1340471078228604,0.1487867628868894,2076619436.1519375,232640153.0600231,0.11202830379509257,273836050.4961941
505.0,283026,282887,139,0.9995088790429147,0.0004911209570852147,0.13396740962772172,0.1487236953271094,2076167580.1285784,232466431.5379993,0.11196901144348016,273662287.1665941
510.0,283026,282758,268,0.9990530905287853,0.0009469094712146588,0.13383789444545202,0.14860410669194152,2075361864.061434,232168573.96827903,0.11186896029491966,273348179.504594
515.0,283026,282542,484,0.9982899097609407,0.001710090239059309,0.13363342182131024,0.14839209745807702,2073976596.3326354,231676623.52616537,0.11170647920320496,272711105.253194
520.0,283026,282155,871,0.9969225442185523,0.0030774557814476407,0.13328853542027583,0.148124257943329,2071527226.9385035,230842204.26433018,0.11143575679933995,271872143.16579413
525.0,283026,281581,1445,0.9948944619928911,0.005105538007108888,0.13280931274990634,0.14768041877825563,2067699366.438137,229594533.897454,0.11103864402345802,270460881.8897943
530.0,283026,280786,2240,0.9920855327779073,0.00791446722209267,0.13218657515225388,0.1470336840155848,2062567600.6604338,227992685.44513312,0.11053828508317977,268486698.4281944
535.0,283026,279647,3379,0.988061167525245,0.01193883247475497,0.13135115055939328,0.14616284101027366,2055253275.3025756,225809325.39589733,0.10986934219221889,265889605.71949455
540.0,283026,278131,4895,0.9827047691731502,0.01729523082684983,0.13031293337191957,0.14506473568210662,2045391899.7627587,223001219.55328497,0.10902615756870382,262524385.69649455
545.0,283026,276012,7014,0.9752178245108223,0.024782175489177674,0.1289561788200597,0.14379447270408532,2031684640.4853966,219277530.4280757,0.1079289206890334,258316130.6371946
550.0,283026,273411,9615,0.9660278560980263,0.03397214390197367,0.12740041998282858,0.1421120584029172,2014814646.928678,214911183.5178607,0.10666548600163532,253072046.6972946
555.0,283026,270125,12901,0.95441761534276,0.045582384657239974,0.12556325901257062,0.14014993058769087,1993507813.7622712,209660802.365983,0.10517179863483865,246582449.04979482
560.0,283026,265944,17082,0.9396451209429523,0.06035487905704776,0.12337572543066372,0.13793129380621486,1966577458.3849897,203351182.4971723,0.1034035967564533,239250525.55039474
565.0,283026,261114,21912,0.922579550995315,0.07742044900468509,0.1210036080394797,0.13538914037546818,1935764513.758514,196490073.36079678,0.10150515311353045,230688056.21319503
570.0,283026,255315,27711,0.9020902673252634,0.0979097326747366,0.11833001074960164,0.13244815228247458,1898607332.3374634,188641689.32124805,0.0993579273124383,221254612.31279492
575.0,283026,248526,34500,0.8781030718025906,0.12189692819740942,0.11537794681109187,0.12919774993360855,1855327909.4001346,179970880.76087213,0.09700219559520365,210934195.249595
580.0,283026,241015,42011,0.8515648738985111,0.1484351261014889,0.11228992920489221,0.12579300043565753,1806687275.4200609,170739152.43517882,0.09450398791095785,199752413.190095
585.0,283026,232557,50469,0.8216806936465201,0.1783193063534799,0.10898903214958632,0.12199159775882902,1752321025.7568183,160968386.99113518,0.09186010133138349,187695293.23069558
590.0,283026,223342,59684,0.7891218474627772,0.21087815253722272,0.10556066349052047,0.11810138711035094,1692721962.707106,150838771.46974748,0.08911018749264454,175464965.34239542
595.0,283026,213293,69733,0.7536162755365231,0.24638372446347687,0.10198018017475177,0.1140168688142602,1627632660.5748777,140381772.42341053,0.08624905104437255,162654740.39239553
600.0,283026,202598,80428,0.7158282277953262,0.28417177220467377,0.09830993814683886,0.10991224000236922,1557485877.6289933,129736063.79036118,0.0832983885464581,150051496.3795956
605.0,283026,191175,91851,0.6754679782069491,0.3245320217930508,0.0945108145677417,0.10551588858375834,1482588137.8435798,119003332.40831643,0.08026729026808918,137205381.89719588
610.0,283026,179482,103544,0.6341537526587663,0.36584624734123367,0.09071783401151802,0.10100734335476538,1404553122.6758416,108455781.1916709,0.0772172867232317,124426054.94709659
615.0,283026,167658,115368,0.5923766721078629,0.4076233278921371,0.0869617248526778,0.09663720192296223,1324223425.6273432,98219790.51863766,0.0741716153164309,112131236.82549667
620.0,283026,155424,127602,0.5491509613957728,0.45084903860422715,0.08312533357051369,0.09239242330656784,1240162044.5420568,88125955.81662813,0.07106003300493653,100366174.24429682
625.0,283026,143398,139628,0.5066601654971628,0.4933398345028372,0.07938596325723331,0.08801377982956526,1155963110.91293,78609643.20206803,0.06800359151598316,89193800.37199745
630.0,283026,131503,151523,0.4646322246012734,0.5353677753987266,0.07568972183973109,0.08414256708972419,1071661496.4087114,69638756.4361293,0.06498204579477622,79073649.32449728
635.0,283026,119922,163104,0.42371372241419514,0.5762862775858049,0.07207923265719526,0.07986024249095246,988323680.9597404,61298604.07865316,0.06202280210378787,69056353.17779765
640.0,283026,108657,174369,0.3839117254245193,0.6160882745754807,0.06852841372874428,0.07618469127621783,906163579.4740622,53567453.547391444,0.059114551457124354,60503806.66889736
645.0,283026,98023,185003,0.3463392055853526,0.6536607944146474,0.06512206022892103,0.07232996337594239,826064989.6107306,46485031.26278669,0.05627285001473308,52350275.44429746
650.0,283026,87893,195133,0.3105474408711567,0.6894525591288433,0.06181405935848846,0.06827619946980988,749306099.8658981,40111573.712212235,0.0535316257526676,44792919.5693984
655.0,283026,78405,204621,0.27702401899472134,0.7229759810052787,0.0586303907717297,0.06490657483578853,676302404.5967939,34418754.3535147,0.05089255060986348,38529089.224998
660.0,283026,69548,213478,0.2457300742687951,0.7542699257312049,0.055563640594755666,0.06018864669005579,606780575.2510712,29329994.191841453,0.048337068436486136,31839651.818398476
665.0,283026,61322,221704,0.216665606693378,0.783334393306622,0.052602316130185525,0.05580378983072959,540448815.9053116,24773638.214223027,0.04583900914413966,25994019.125698894
670.0,283026,53995,229031,0.1907775257396847,0.8092224742603153,0.049867064779674085,0.05244930086119085,480715037.0374844,20927814.342526704,0.04353476119968935,21692641.20399922
675.0,283026,47169,235857,0.16665960017807552,0.8333403998219245,0.047206504458415205,0.04941804999045984,423455069.2510848,17469631.85781586,0.04125498341231892,18175051.706499368
680.0,283026,40990,242036,0.1448276836757047,0.8551723163242952,0.04467867698483316,0.04547450597706758,371452843.6529834,14526264.281267166,0.03910661751411388,14632911.049699485
685.0,283026,35459,247567,0.12528530947686786,0.8747146905231321,0.042294975155617094,0.04244338531825489,323791553.4120345,11997755.285620093,0.03705394769934776,11876030.837899417
690.0,283026,30358,252668,0.10726223032512915,0.8927377696748708,0.039963388617862916,0.03972593715000988,279054827.1047621,9774587.363081872,0.03502747995616044,9565093.044499695
695.0,283026,25949,257077,0.09168415622592978,0.9083158437740703,0.03781684114752368,0.03645612547689699,240205194.94349408,7966551.212858498,0.03316560749126409,7528333.410599768
700.0,283026,22000,261026,0.07773137450269586,0.9222686254973042,0.0357652743829147,0.03322727272727273,205729793.84941673,6464449.907132685,0.03142204046470935,5929067.366899848
705.0,283026,18551,264475,0.0655452149272505,0.9344547850727495,0.03384034048539129,0.031157350008085817,174637689.62322164,5195160.696607798,0.02974822163426626,4590872.597799599
710.0,283026,15509,267517,0.05479708578010501,0.945202914219895,0.03201466634829441,0.0283706235089303,146982135.3432827,4139291.9910330474,0.02816187138229802,3563919.8976998925
715.0,283026,12972,270054,0.04583324500222594,0.954166754997774,0.03037387058081681,0.026441566450817144,123821716.81935883,3311133.438820392,0.026741136562101964,2770459.878900051
720.0,283026,10644,272382,0.03760785228212249,0.9623921477178775,0.028756036643900675,0.024239007891770012,102118673.29985142,2586013.331366122,0.025323608775965997,2130048.7263997197
725.0,283026,8655,274371,0.030580229378219668,0.9694197706217803,0.027242729271424158,0.02172154823801271,83499021.70079923,2003760.229289621,0.023997409651931787,1469503.2803997397
730.0,283026,6855,276171,0.024220389646180916,0.9757796103538191,0.0257170696014409,0.020423048869438368,66626119.783855915,1510420.9676180482,0.022670102544138197,1087753.7687998414
735.0,283026,5375,277651,0.01899118808872683,0.9810088119112732,0.02427698328643144,0.019162790697674417,52697338.01581144,1128963.7191989422,0.021423543611637556,835405.3055998087
740.0,283026,4188,278838,0.014797227109876831,0.9852027728901231,0.022962919490370683,0.01766953199617956,41281837.93208909,837005.4075984955,0.020275391056362745,558534.3704000115
745.0,283026,3219,279807,0.011373513387462637,0.9886264866125374,0.02173754930725213,0.017086051568810188,31773176.284241438,609525.6247514486,0.019183654139537678,408639.67179989815
750.0,283026,2411,280615,0.008518651996636352,0.9914813480033636,0.02055320748256882,0.017420157610949814,24000991.93292451,435786.3544154167,0.018157014328128912,327918.66239994764
755.0,283026,1739,281287,0.00614431183000855,0.9938556881699915,0.019382269412225976,0.016101207590569294,17450261.563266993,299016.04533436894,0.017135333143876837,196500.68259990215
760.0,283026,1244,281782,0.0043953559036978935,0.9956046440963021,0.018335663120389735,0.01607717041800643,12474687.623179674,202092.42521941662,0.016200199261414874,165005.88239991665
765.0,283026,876,282150,0.003095122002925526,0.9969048779970745,0.01736483901670381,0.017123287671232876,8803233.863893986,134971.22551700473,0.015332004988596557,137776.38599991798
770.0,283026,588,282438,0.002077547645799326,0.9979224523542006,0.0164342162778648,0.013605442176870748,5981422.439789534,86821.85214859247,0.014515251685123822,93385.26179993153
775.0,283026,372,282654,0.0013143668779546755,0.9986856331220453,0.015525778352864393,0.008064516129032258,3877975.9881722927,53335.07512417436,0.01375332784082333,32131.21439999342
780.0,283026,228,282798,0.0008055796993915753,0.9991944203006085,0.01468320253613791,0.008771929824561403,2347333.22943902,30518.850408524275,0.013001498903424911,4286.796800017357
785.0,283026,120,282906,0.00042398931546925017,0.9995760106845307,0.013819884492719817,0.008333333333333333,1240107.602332592,15196.514959067106,0.012254190628686639,4286.796800017357
790.0,283026,71,282955,0.000250860344985973,0.999749139655014,0.013217211279687701,0.014084507042253521,732577.2549052238,8602.085849016905,0.0117422234875826,4286.796800017357
795.0,283026,34,282992,0.00012013030604962088,0.9998798696939504,0.012552827022077776,0.0,330779.41175460815,3696.234542876482,0.011174318629052308,0.0
800.0,283026,9,283017,3.179919866019376e-05,0.9999682008013399,0.011616412172669597,0.0,75302.17377781868,783.4321394264698,0.010403844937305659,0.0
805.0,283026,3,283023,1.0599732886731254e-05,0.9999894002671132,0.011379844804954095,0.0,10888.442174911499,109.52154910564423,0.010058514096534146,0.0
810.0,283026,0,283026,0.0,1.0,,,0.0,0.0,,0.0
815.0,283026,0,283026,0.0,1.0,,,0.0,0.0,,0.0
820.0,283026,0,283026,0.0,1.0,,,0.0,0.0,,0.0
825.0,283026,0,283026,0.0,1.0,,,0.0,0.0,,0.0
830.0,283026,0,283026,0.0,1.0,,,0.0,0.0,,0.0
835.0,283026,0,283026,0.0,1.0,,,0.0,0.0,,0.0
840.0,283026,0,283026,0.0,1.0,,,0.0,0.0,,0.0
845.0,283026,0,283026,0.0,1.0,,,0.0,0.0,,0.0
850.0,283026,0,283026,0.0,1.0,,,0.0,0.0,,0.0
