decile,n,bads,bad_rate,mean_pd,min_score,max_score,cum_bad_capture,cum_good
1,28303,8458,0.29883757905522385,0.2786165774471139,480.34217599923954,570.4759293953863,0.2007500237349283,0.08238063214525891
2,28303,6628,0.23418012224852489,0.20908335030684072,570.4761065588148,588.3711699636727,0.35806512864331147,0.17235796657450994
3,28302,5624,0.19871387181117942,0.17585418925262614,588.3715840527695,601.98953663055,0.49155036551789616,0.2664989580479381
4,28303,4891,0.17280853619757622,0.15180249102137996,601.9898918995032,614.094313230737,0.6076378999335422,0.36368693284183085
5,28302,4154,0.14677407957034838,0.13184786932248294,614.0943818546226,625.7704402100386,0.7062327921769677,0.46393019336305596
6,28303,3577,0.12638236229374977,0.11412102035845006,625.7707062129911,637.9343819200965,0.7911326307794551,0.5665728494690611
7,28302,3090,0.10917956328174687,0.09741543708395306,637.9349203932246,651.5516988259258,0.8644735592898509,0.6712329904439297
8,28303,2659,0.09394763805956965,0.0807603706007139,651.5517815252867,668.2286172016552,0.9275847336941042,0.7776864513022325
9,28302,1960,0.06925305632110805,0.06272739102299861,668.2298114438174,692.2793032755121,0.9741051932023165,0.8870374521573804
10,28303,1091,0.038547150478747835,0.03897954626263332,692.2798377402358,806.1917732981743,1.0,1.0
