feature,kind,n_bins,iv,suspicious
fico_mid,numeric,6,0.13492626267620964,False
annual_inc,numeric,6,0.09015363794587507,False
avg_cur_bal,numeric,7,0.0708115219741724,False
tot_cur_bal,numeric,6,0.06326417403977999,False
total_rev_hi_lim,numeric,6,0.05890623201834518,False
acc_open_past_24mths,numeric,6,0.055327989255139216,False
dti,numeric,6,0.051143737342466584,False
num_tl_op_past_12m,numeric,6,0.04967035132851139,False
mort_acc,numeric,6,0.04917736063860394,False
loan_to_income,numeric,6,0.04123978815284037,False
home_ownership,categorical,4,0.04113297551988065,False
percent_bc_gt_75,numeric,7,0.0372747405416319,False
mo_sin_rcnt_tl,numeric,6,0.03637000156169086,False
mths_since_recent_inq,numeric,7,0.031281399281945524,False
bc_util,numeric,7,0.031030379062080383,False
inq_last_6mths,numeric,4,0.02792587849218752,False
credit_history_months,numeric,6,0.02309480255803244,False
num_actv_rev_tl,numeric,6,0.02040909436764005,False
revol_bal,numeric,6,0.020058122415911855,False
purpose,categorical,6,0.019142843794291795,False
emp_length_years,numeric,7,0.018864211996728584,False
revol_util,numeric,7,0.018841626217537405,False
total_acc,numeric,6,0.010249084249239707,False
verification_status,categorical,3,0.009327469156997344,False
loan_amnt,numeric,6,0.009248036917246582,False
revol_bal_to_income,numeric,6,0.005972629625596269,False
mths_since_last_record,numeric,4,0.0023972781528160377,False
pub_rec,numeric,2,0.0019228689374125624,False
delinq_2yrs,numeric,3,0.0016522143950580368,False
pub_rec_bankruptcies,numeric,2,0.0014087096516418687,False
mths_since_last_delinq,numeric,5,0.001337061900350684,False
open_acc,numeric,4,0.0003085712141030179,False
application_type,categorical,1,0.0,False
collections_12_mths_ex_med,numeric,1,0.0,False
tax_liens,numeric,1,0.0,False
