feature,coefficient,iv
fico_mid,-0.5413286670345067,0.13492626267620964
annual_inc,-0.3666504139783068,0.09015363794587507
avg_cur_bal,-0.15616800146379356,0.0708115219741724
total_rev_hi_lim,-0.5993047418959315,0.05890623201834518
acc_open_past_24mths,-0.5781378892001457,0.055327989255139216
dti,-0.48725002504118015,0.051143737342466584
num_tl_op_past_12m,-0.4371488400946724,0.04967035132851139
mort_acc,-0.23215644478949088,0.04917736063860394
loan_to_income,-0.8831529767544298,0.04123978815284037
home_ownership,-0.3626190200389824,0.04113297551988065
percent_bc_gt_75,-0.5639482323451158,0.0372747405416319
mo_sin_rcnt_tl,-0.13171269395464225,0.03637000156169086
mths_since_recent_inq,-0.7438216964777841,0.031281399281945524
credit_history_months,-0.18078557421584143,0.02309480255803244
num_actv_rev_tl,-0.4772001404338634,0.02040909436764005
intercept,-1.8868499205939349,
