feature,bin,n,bad_rate,woe,coefficient,points
fico_mid,<= 672,51413,0.17441114115107073,-0.32937819417412023,-0.5413286670345067,28.0
fico_mid,"(672, 687]",43162,0.15133682405819934,-0.15992421486830394,-0.5413286670345067,35.0
fico_mid,"(687, 707]",43278,0.12322658163501087,0.07812751348543674,-0.5413286670345067,44.0
fico_mid,"(707, 717]",14336,0.095703125,0.36156523531023116,-0.5413286670345067,55.0
fico_mid,"(717, 737]",16183,0.0773651362540938,0.5943157982153283,-0.5413286670345067,65.0
fico_mid,> 737,15722,0.052728660475766444,1.0038413223443736,-0.5413286670345067,81.0
fico_mid,Unbinned,0,,0.0,-0.5413286670345067,41.0
annual_inc,<= 32000,19567,0.19900853477794245,-0.49160963638461364,-0.3666504139783068,28.0
annual_inc,"(32000, 40000]",20392,0.17345037269517458,-0.32275897310231194,-0.3666504139783068,33.0
annual_inc,"(40000, 46800]",15318,0.15015015015015015,-0.1507707910099998,-0.3666504139783068,37.0
annual_inc,"(46800, 60000]",37481,0.13809663562871854,-0.05290738102029642,-0.3666504139783068,40.0
annual_inc,"(60000, 80000]",38032,0.11737484223811527,0.13341517809916228,-0.3666504139783068,45.0
annual_inc,> 80000,53304,0.09218820351193156,0.40309777127378277,-0.3666504139783068,52.0
annual_inc,Unbinned,0,,0.0,-0.3666504139783068,41.0
avg_cur_bal,<= 2293,36829,0.16679790382578946,-0.2755700596120684,-0.15616800146379356,38.0
avg_cur_bal,"(2293, 4404]",36815,0.1523563764769795,-0.16783344830480826,-0.15616800146379356,39.0
avg_cur_bal,"(4404, 10035]",36811,0.1392518540653609,-0.0625622678916582,-0.15616800146379356,41.0
avg_cur_bal,"(10035, 20982]",36816,0.11649826162538027,0.14191744361229042,-0.15616800146379356,43.0
avg_cur_bal,"(20982, 31012]",18409,0.09359552392851322,0.3862446365441515,-0.15616800146379356,46.0
avg_cur_bal,> 31012,18409,0.07566950947905915,0.6183666278831189,-0.15616800146379356,48.0
avg_cur_bal,Missing,5,0.4,-1.5475260291311077,-0.15616800146379356,24.0
total_rev_hi_lim,<= 7600,18621,0.1711508511895172,-0.30664737013194665,-0.5993047418959315,28.0
total_rev_hi_lim,"(7600, 17400]",55442,0.1530608563904621,-0.17327074756028926,-0.5993047418959315,34.0
total_rev_hi_lim,"(17400, 25900]",36562,0.13396422515179696,-0.017748579430473102,-0.5993047418959315,41.0
total_rev_hi_lim,"(25900, 41000]",36826,0.12059414544072122,0.10270291136775686,-0.5993047418959315,46.0
total_rev_hi_lim,"(41000, 57200]",18269,0.10197602496031528,0.2912054346669749,-0.5993047418959315,54.0
total_rev_hi_lim,> 57200,18374,0.0767388701425928,0.6031629507318074,-0.5993047418959315,67.0
total_rev_hi_lim,Unbinned,0,,0.0,-0.5993047418959315,41.0
acc_open_past_24mths,<= 1,28313,0.09532723483911984,0.3660763035449514,-0.5781378892001457,57.0
acc_open_past_24mths,"(1, 2]",26934,0.10577708472562561,0.2504507362159091,-0.5781378892001457,52.0
acc_open_past_24mths,"(2, 3]",29861,0.1216971970128261,0.09232120551406478,-0.5781378892001457,45.0
acc_open_past_24mths,"(3, 5]",49441,0.1372949576262616,-0.04613639334842634,-0.5781378892001457,39.0
acc_open_past_24mths,"(5, 8]",36498,0.15910460847169708,-0.2191801655367262,-0.5781378892001457,32.0
acc_open_past_24mths,> 8,13047,0.19222809841342836,-0.448570584451244,-0.5781378892001457,23.0
acc_open_past_24mths,Unbinned,0,,0.0,-0.5781378892001457,41.0
dti,<= 14.64,73739,0.1062802587504577,0.24524074793004616,-0.48725002504118015,50.0
dti,"(14.64, 19.06]",36723,0.12564332979331755,0.05593269361674456,-0.48725002504118015,43.0
dti,"(19.06, 21.54]",18424,0.14258575770733825,-0.09019684727038155,-0.48725002504118015,38.0
dti,"(21.54, 24.46]",18429,0.1526398610885018,-0.1701169354573021,-0.48725002504118015,35.0
dti,"(24.46, 28.2]",18415,0.16535433070866143,-0.2652307265355428,-0.48725002504118015,32.0
dti,> 28.2,18364,0.1823676758876062,-0.38374380321891105,-0.48725002504118015,28.0
dti,Unbinned,0,,0.0,-0.48725002504118015,41.0
num_tl_op_past_12m,<= 0,34134,0.09893361457784028,0.32498235293308453,-0.4371488400946724,52.0
num_tl_op_past_12m,"(0, 1]",49414,0.11496741814060793,0.15688339326741457,-0.4371488400946724,46.0
num_tl_op_past_12m,"(1, 2]",43957,0.13542780444525332,-0.030290431308180436,-0.4371488400946724,40.0
num_tl_op_past_12m,"(2, 3]",30136,0.15015264135917175,-0.1507023220849932,-0.4371488400946724,37.0
num_tl_op_past_12m,"(3, 4]",16006,0.175996501312008,-0.3404446315936505,-0.4371488400946724,31.0
num_tl_op_past_12m,> 4,10447,0.1849334737245142,-0.4009421923495721,-0.4371488400946724,29.0
num_tl_op_past_12m,Unbinned,0,,0.0,-0.4371488400946724,41.0
mort_acc,<= 0,77969,0.15931972963613744,-0.22074999700414308,-0.23215644478949088,38.0
mort_acc,"(0, 1]",29490,0.12845032214309934,0.03060237787856001,-0.23215644478949088,42.0
mort_acc,"(1, 2]",24299,0.11449030824313758,0.16150103020704396,-0.23215644478949088,44.0
mort_acc,"(2, 3]",18459,0.10542282897231703,0.25412961696117153,-0.23215644478949088,46.0
mort_acc,"(3, 5]",22344,0.10083243823845328,0.30379655373611897,-0.23215644478949088,46.0
mort_acc,> 5,11533,0.09485823289690454,0.371283327439627,-0.23215644478949088,48.0
mort_acc,Unbinned,0,,0.0,-0.23215644478949088,41.0
loan_to_income,<= 0.0735294,18450,0.10476964769647697,0.26107286968980314,-0.8831529767544298,58.0
loan_to_income,"(0.0735294, 0.157895]",55361,0.11383464894058995,0.16807174392946514,-0.8831529767544298,52.0
loan_to_income,"(0.157895, 0.25]",57501,0.12679779482095963,0.04549915883432534,-0.8831529767544298,44.0
loan_to_income,"(0.25, 0.29]",15974,0.1450482033304119,-0.11021592033702322,-0.8831529767544298,34.0
loan_to_income,"(0.29, 0.346154]",18464,0.17060225303292895,-0.30277680154605174,-0.8831529767544298,22.0
loan_to_income,> 0.346154,18344,0.17945922372437853,-0.3641187874457189,-0.8831529767544298,18.0
loan_to_income,Unbinned,0,,0.0,-0.8831529767544298,41.0
home_ownership,Other,1,0.0,-0.7854383505699446,-0.3626190200389824,21.0
home_ownership,MORTGAGE,88534,0.10835385275713286,0.22357064677359742,-0.3626190200389824,47.0
home_ownership,OWN,17671,0.14056929432403373,-0.07364935019752533,-0.3626190200389824,39.0
home_ownership,RENT,77888,0.1567378800328677,-0.201380991908448,-0.3626190200389824,36.0
percent_bc_gt_75,<= 0,32298,0.09836522385287015,0.3313837431570581,-0.5639482323451158,55.0
percent_bc_gt_75,"(0, 25]",22769,0.11001800693925952,0.20638400552425565,-0.5639482323451158,50.0
percent_bc_gt_75,"(25, 40]",22287,0.1242877013505631,0.06828542393472098,-0.5639482323451158,44.0
percent_bc_gt_75,"(40, 60]",32614,0.1352793278959956,-0.02902906151479744,-0.5639482323451158,40.0
percent_bc_gt_75,"(60, 75]",25932,0.14788678081135276,-0.13283359021656874,-0.5639482323451158,36.0
percent_bc_gt_75,> 75,46325,0.15764705882352942,-0.20821354821061774,-0.5639482323451158,33.0
percent_bc_gt_75,Missing,1869,0.1514178705189941,-0.16192477789687715,-0.5639482323451158,35.0
mo_sin_rcnt_tl,<= 2,37085,0.16157476068491303,-0.23752561636774958,-0.13171269395464225,39.0
mo_sin_rcnt_tl,"(2, 5]",49839,0.14372278737534863,-0.09936599407051074,-0.13171269395464225,40.0
mo_sin_rcnt_tl,"(5, 7]",24730,0.1286291953093409,0.028984107566845618,-0.13171269395464225,42.0
mo_sin_rcnt_tl,"(7, 12]",38333,0.11929668953643076,0.11499698076345559,-0.13171269395464225,42.0
mo_sin_rcnt_tl,"(12, 17]",16058,0.10698717150330053,0.23762016159246657,-0.13171269395464225,44.0
mo_sin_rcnt_tl,> 17,18049,0.0918610449332373,0.40683360521529033,-0.13171269395464225,45.0
mo_sin_rcnt_tl,Unbinned,0,,0.0,-0.13171269395464225,41.0
mths_since_recent_inq,<= 1,31862,0.16373736739689912,-0.2533963449020957,-0.7438216964777841,28.0
mths_since_recent_inq,"(1, 2]",14484,0.1488539077602872,-0.1405711475835541,-0.7438216964777841,34.0
mths_since_recent_inq,"(2, 4]",24920,0.14245585874799357,-0.08907523804907307,-0.7438216964777841,37.0
mths_since_recent_inq,"(4, 6]",20423,0.13479900112618126,-0.024974512993633385,-0.7438216964777841,40.0
mths_since_recent_inq,"(6, 16]",58791,0.12171931077886071,0.09219012003634297,-0.7438216964777841,46.0
mths_since_recent_inq,> 16,15003,0.10831167099913351,0.22383521427809122,-0.7438216964777841,53.0
mths_since_recent_inq,Missing,18611,0.09822148191929504,0.3329020365741289,-0.7438216964777841,59.0
credit_history_months,<= 94,18925,0.1695112285336856,-0.2950445201002396,-0.18078557421584143,37.0
credit_history_months,"(94, 122]",18395,0.14911660777385158,-0.14261955204645027,-0.18078557421584143,39.0
credit_history_months,"(122, 142]",18646,0.14378418963852838,-0.09996191842215865,-0.18078557421584143,40.0
credit_history_months,"(142, 158]",17764,0.13437288898896646,-0.021357114439247753,-0.18078557421584143,41.0
credit_history_months,"(158, 223]",55767,0.12819409328097262,0.03294596955296955,-0.18078557421584143,42.0
credit_history_months,> 223,54597,0.11203912302873784,0.18599241573765257,-0.18078557421584143,44.0
credit_history_months,Unbinned,0,,0.0,-0.18078557421584143,41.0
num_actv_rev_tl,<= 2,19688,0.10564811052417716,0.25175776739680483,-0.4772001404338634,50.0
num_actv_rev_tl,"(2, 4]",54703,0.12046871286766722,0.10391786167597976,-0.4772001404338634,45.0
num_actv_rev_tl,"(4, 5]",28111,0.1305538757070186,0.011938891479871335,-0.4772001404338634,42.0
num_actv_rev_tl,"(5, 7]",41234,0.1375078818450793,-0.04794507111912111,-0.4772001404338634,40.0
num_actv_rev_tl,"(7, 10]",27941,0.14745356286460756,-0.12940170415151317,-0.4772001404338634,37.0
num_actv_rev_tl,> 10,12417,0.1735523878553596,-0.3235419635933912,-0.4772001404338634,30.0
num_actv_rev_tl,Unbinned,0,,0.0,-0.4772001404338634,41.0
