issue_year,grade,n_loans,bad_rate,avg_loan_amnt
2013,A,17057,0.0456,15172.0
2013,B,40313,0.0979,12878.0
2013,C,24693,0.153,12265.0
2013,D,14505,0.2039,10549.0
2013,E,3231,0.2331,9986.0
2013,F,608,0.2681,9217.0
2013,G,15,0.2667,25753.0
2014,A,35333,0.0538,14397.0
2014,B,53460,0.1072,12653.0
2014,C,44042,0.1719,11994.0
2014,D,20510,0.2217,11532.0
2014,E,7066,0.2703,10754.0
2014,F,1980,0.2949,8919.0
2014,G,179,0.3631,14045.0
2015,A,70118,0.0542,14473.0
2015,B,91725,0.119,12519.0
2015,C,77423,0.1944,11893.0
2015,D,32711,0.2622,12302.0
2015,E,9443,0.3284,12853.0
2015,F,1361,0.424,10437.0
2015,G,245,0.4612,9698.0
